"1080,20,2.07,0.03,0.18,11.28"
"1080,25,2.06,0.22,0.18,11.28"
"1080,30,2.07,-0.04,0.18,11.28"
"1080,35,2.06,0.21,0.18,11.28"
"1080,40,2.08,-0.12,0.18,11.28"
"1080,45,2.12,-0.45,0.19,11.28"
"1080,50,2.11,-0.06,0.19,11.28"
"1090,20,1.79,-3.07,0.16,11.28"
"1090,25,1.78,-8.74,0.16,11.28"
"1090,30,1.79,-10.43,0.16,11.28"
"1090,35,1.79,-10.98,0.16,11.28"
"1090,40,1.81,-11.30,0.16,11.28"
"1090,45,1.80,-11.59,0.16,11.28"
"1090,50,1.81,-11.51,0.16,11.28"
"1100,20,2.01,-7.30,0.18,11.27"
"1100,25,2.02,-11.89,0.18,11.27"
"1100,30,2.03,-14.11,0.18,11.27"
"1100,35,2.05,-14.80,0.18,11.27"
"1100,40,2.06,-15.55,0.18,11.27"
"1100,45,2.06,-15.84,0.18,11.27"
"1100,50,2.12,-16.66,0.20,11.27"
"1110,20,2.29,-10.75,0.20,11.27"
"1110,25,2.32,-16.23,0.21,11.27"
"1110,30,2.30,-18.14,0.20,11.27"
"1110,35,2.31,-19.26,0.21,11.27"
"1110,40,2.33,-20.69,0.21,11.27"
"1110,45,2.87,-21.77,0.26,11.27"