"1050,1.01,1.28,0.09,11.29"
"1062,1.16,3.40,0.10,11.29"
"1074,1.35,5.45,0.12,11.29"
"1086,1.56,8.52,0.14,11.29"
"1098,1.82,11.79,0.16,11.28"
"1110,2.10,15.22,0.19,11.28"
"1122,2.36,18.78,0.21,11.28"
"1134,2.67,22.81,0.24,11.28"
"1146,3.01,26.77,0.27,11.28"
"1158,3.33,30.40,0.29,11.28"
"1170,3.69,35.15,0.33,11.27"
"1182,4.04,39.77,0.36,11.27"
"1194,4.42,43.62,0.39,11.27"
"1206,4.93,47.56,0.44,11.27"
"1218,5.34,51.65,0.48,11.27"
"1230,5.77,56.89,0.51,11.27"
"1242,6.21,60.14,0.55,11.26"
"1254,6.74,65.12,0.60,11.26"
"1266,7.22,69.78,0.64,11.26"
"1278,7.72,73.81,0.69,11.26"
"1290,8.21,78.29,0.73,11.26"
"1302,8.76,81.74,0.78,11.25"
"1314,9.28,86.85,0.82,11.25"
"1326,9.76,90.40,0.87,11.25"
"1338,10.69,98.51,0.95,11.25"
"1350,11.10,102.60,0.99,11.24"
"1362,11.81,107.43,1.04,11.24"
"1374,12.43,113.42,1.11,11.24"
"1386,12.96,117.57,1.15,11.24"
"1398,13.69,123.53,1.21,11.23"
"1410,14.38,130.18,1.28,11.23"
"1422,14.83,135.35,1.33,11.23"
"1434,15.55,139.77,1.40,11.23"
"1446,16.39,144.67,1.45,11.22"
"1458,17.19,151.91,1.53,11.22"
"1470,17.97,159.56,1.62,11.22"
"1482,18.81,166.86,1.68,11.21"
"1494,20.12,176.12,1.79,11.21"
"1506,21.54,185.14,1.90,11.20"
"1518,22.37,193.93,1.98,11.19"
"1530,23.86,197.94,2.11,11.19"
"1542,24.31,200.12,2.17,11.19"
"1554,25.54,207.73,2.32,11.18"
"1566,27.12,220.77,2.41,11.17"
"1578,28.44,231.81,2.56,11.17"
"1590,29.30,237.53,2.66,11.17"
"1602,30.69,244.03,2.75,11.16"
"1614,32.26,253.90,2.91,11.15"
"1626,34.04,261.33,3.03,11.15"
"1638,34.28,268.39,3.06,11.15"
"1650,36.56,279.46,3.25,11.13"
"1662,37.59,290.38,3.35,11.12"
"1674,40.01,299.58,3.57,11.12"
"1686,40.91,306.71,3.70,11.11"
"1698,42.69,311.78,3.82,11.11"
"1710,44.41,325.52,4.00,11.10"
"1722,45.14,334.20,4.09,11.09"
"1734,47.95,343.58,4.29,11.08"
"1746,49.66,354.75,4.50,11.08"
"1758,53.26,371.48,4.91,11.06"
"1770,56.99,387.91,5.23,11.04"
"1782,62.39,403.61,5.66,11.02"
"1794,62.84,414.20,5.76,11.01"
"1806,65.50,423.07,5.98,11.00"
"1818,67.04,431.78,6.01,10.99"