"1050,1.07,-0.57,0.09,11.29"
"1062,1.28,-0.28,0.11,11.29"
"1074,1.69,-0.08,0.15,11.29"
"1086,1.58,5.85,0.14,11.29"
"1098,1.85,12.12,0.16,11.29"
"1110,2.12,15.67,0.19,11.28"
"1122,2.41,20.16,0.21,11.28"
"1134,2.74,24.90,0.24,11.28"
"1146,3.09,29.46,0.27,11.28"
"1158,3.43,33.64,0.30,11.28"
"1170,3.80,38.36,0.34,11.28"
"1182,4.25,45.07,0.37,11.27"
"1194,4.61,49.85,0.41,11.27"
"1206,5.05,54.32,0.45,11.27"
"1218,5.49,58.09,0.48,11.27"
"1230,5.95,64.19,0.53,11.27"
"1242,6.51,72.48,0.58,11.26"
"1254,7.04,78.64,0.62,11.26"
"1266,7.49,83.69,0.67,11.26"
"1278,8.09,88.89,0.72,11.26"
"1290,8.66,95.86,0.77,11.26"
"1302,9.39,102.80,0.83,11.25"
"1314,9.92,109.57,0.88,11.25"
"1326,10.62,116.50,0.95,11.25"
"1338,11.15,123.95,0.99,11.24"
"1350,11.93,130.37,1.06,11.24"
"1362,12.40,135.85,1.11,11.24"
"1374,13.44,142.41,1.19,11.24"
"1386,14.19,152.29,1.27,11.23"
"1398,15.29,159.46,1.36,11.23"
"1410,16.01,168.70,1.44,11.22"
"1422,17.31,180.41,1.55,11.22"
"1434,18.62,190.96,1.65,11.21"
"1446,19.57,199.84,1.74,11.21"
"1458,20.47,210.15,1.83,11.20"
"1470,22.04,221.02,1.96,11.20"
"1482,23.25,233.41,2.09,11.19"
"1494,24.48,242.63,2.18,11.19"
"1506,25.86,251.91,2.34,11.18"
"1518,27.55,264.22,2.49,11.17"
"1530,29.33,276.99,2.60,11.17"
"1542,30.59,284.98,2.78,11.17"
"1554,32.66,296.38,2.90,11.15"
"1566,34.22,309.80,3.06,11.15"
"1578,36.40,349.94,3.27,11.13"
"1590,38.01,335.42,3.42,11.13"
"1602,38.85,346.62,3.49,11.12"
"1614,40.92,369.65,3.69,11.11"
"1626,44.59,369.07,4.00,11.10"
"1638,45.57,381.39,4.07,11.09"
"1650,46.33,386.48,4.22,11.09"
"1662,49.09,414.41,4.44,11.08"
"1674,50.86,410.55,4.65,11.07"
"1686,53.20,421.17,4.81,11.06"
"1698,54.79,441.62,4.97,11.05"
"1710,56.41,438.79,5.07,11.04"
"1722,58.58,456.60,5.37,11.03"
"1734,60.96,468.46,5.61,11.02"
"1746,63.72,482.00,5.79,11.01"
"1758,66.43,493.01,5.99,11.00"
"1770,68.93,507.31,6.23,10.98"
"1782,70.66,520.21,6.37,10.98"
"1794,73.31,529.52,6.72,10.97"
"1806,76.00,541.88,6.92,10.95"
"1818,78.10,553.84,7.14,10.94"